{
  "rewrites": [
    {
      "source": "/sitemap.xml",
      "destination": "/sitemap.xml"
    },
    {
      "source": "/robots.txt",
      "destination": "/robots.txt"
    },
    {
      "source": "/(.*)",
      "destination": "/index.html"
    }
  ],
  "headers": [
    {
      "source": "/sitemap.xml",
      "headers": [
        {
          "key": "Content-Type",
          "value": "application/xml; charset=utf-8"
        },
        {
          "key": "Cache-Control",
          "value": "public, max-age=3600, s-maxage=3600"
        }
      ]
    },
    {
      "source": "/robots.txt",
      "headers": [
        {
          "key": "Content-Type",
          "value": "text/plain; charset=utf-8"
        },
        {
          "key": "Cache-Control",
          "value": "public, max-age=3600, s-maxage=3600"
        }
      ]
    }
  ]
}